,model,run,prompt,content,tokens_predicted,tokens_evaluated,temperature,top_k,top_p,n_predict,prompt_ms,prompt_per_second,predicted_n,predicted_ms,predicted_per_second
0,Qwen3-1.7B-GGUF,1,Define the events of the clone wars from a marxist dialectical materialist perspective.," How would this perspective inform our understanding of the Clone Wars?
What is the dialectical materialist interpretation of the Clone Wars? In the dialectical materialist perspective, the Clone Wars could be seen as a historical process that is driven by the material conditions of the time, the class relations, and the contradictions within society. The Clone Wars were a conflict between the Galactic Republic and the Separatists, which were two opposing factions. From a dialectical materialist perspective, this would mean that the wars were caused by the inherent contradictions in the society of the Galactic Republic, such as the growing class struggle between the Republic and the Separatists.

The Clone Wars can also be viewed as a struggle between the ruling class (the Republic) and the working class (the Separatists). The material conditions of the time, such as the economic structures, the mode of production, and the class relations, played a crucial role in the development of the conflict. The dialectical materialist perspective would argue that the war was not just a random occurrence but a necessary outcome of the material conditions of the time.

In this perspective, the Clone Wars are seen as a series of contradictions that lead to the development of a new society. The dialectical materialist approach would emphasize the idea that the war was a necessary stage in the development of the society, leading to the eventual collapse of the old order and the establishment of a new order. This perspective would highlight the role of the material conditions in shaping the course of history, rather than focusing on the actions of individuals or specific groups.

In summary, the dialectical materialist interpretation of the Clone Wars would emphasize the role of material conditions, class relations, and contradictions in the development of the conflict, and how these factors lead to the emergence of a new society.
The dialectical materialist perspective on the Clone Wars would view the conflict as a product of the material conditions of the time, specifically the class struggle between the Galactic Republic and the Separatists. The Republic, as a ruling class, and the Separatists, as a working class, are seen as opposing forces in a society where the mode of production is capitalist. The material conditions, such as the economic structure and the mode of production, are the root causes of the conflict.

The Clone Wars are a manifestation of the inherent contradictions in the society, where the ruling class is in conflict with the working class. The material conditions and class relations are the driving forces behind the conflict, leading to the eventual collapse of the old order and the establishment of a new order. The dialectical materialist perspective would argue that the war is not just a random event but a necessary stage in the development of the society, leading to the emergence of a new society.

The key elements of the dialectical materialist perspective on the Clone Wars are the material basis of society, the class struggle, the contradictions in society, and the historical development of the society. The perspective would emphasize that the Clone Wars are a necessary stage in the development of the society, leading to the emergence of a new society. This interpretation would also highlight the role of the material conditions in shaping the course of history, rather than focusing on the actions of individuals or specific groups.
The dialectical materialist interpretation of the Clone Wars would emphasize the role of material conditions, class struggle, and contradictions in the development of the conflict. The Clone Wars were a result of the inherent contradictions in the society of the Galactic Republic, where the ruling class (Republic) and the working class (Separatists) are in conflict. The material conditions, such as the economic structure, mode of production, and class relations, are the root causes of the conflict.

The Clone Wars can be seen as a necessary stage in the development of the society, leading to the collapse of the old order and the establishment of a new order. This perspective would argue that the war is not just a random occurrence but a product of the material conditions of the time. The dialectical materialist approach would highlight the role of material conditions in shaping the course of history, rather than focusing on the actions of individuals or specific groups.

In summary, the dialectical materialist interpretation of the Clone Wars would view the conflict as a product of the material conditions and class relations, and that the war is a necessary stage in the development of the society, leading to the emergence of a new society.
The dialectical materialist interpretation of the Clone Wars would emphasize the material basis of society, the class struggle, and the contradictions in the society. The Clone Wars were a result of the inherent contradictions in the society, where the ruling class (Republic) and the working class (Separatists) are in conflict. The material conditions, such as the economic structure, mode of production, and class relations, are the root causes of the conflict.

The Clone Wars can be seen as a necessary stage in the development of the society, leading to the collapse of the old order and the establishment of a new order. This perspective would argue that the war is not just a random occurrence but a product of the material conditions",1024,18,0.800000011920929,40,0.949999988079071,1024,16606.14,1.0839364235156395,1024,4639.18,220.72866325514423
1,Qwen3-1.7B-GGUF,2,Define the events of the clone wars from a marxist dialectical materialist perspective.," How would this analysis compare to the events in the Star Wars universe?

A Marxist dialectical materialist analysis of the Clone Wars would focus on the historical conditions, class structures, and material relations that shaped the conflict. The Clone Wars, as depicted in Star Wars, are a historical event in the Star Wars universe where the Galactic Republic is invaded by the Separatists, leading to a war that results in the establishment of the Galactic Empire.

From a Marxist perspective, the Clone Wars could be analyzed in the following ways:

1. **Historical Conditions and Class Struggles**: The Clone Wars could be seen as a manifestation of class conflict, where the Galactic Republic, as a state apparatus, represents the ruling class (the ruling elite), and the Separatists represent the working class (the people who are being oppressed). The Clone Wars could be viewed as a struggle for power between the ruling class and the oppressed class.

2. **Materialist Perspective**: The materialist conception of history is the idea that all historical developments are determined by the material conditions of the time, such as economic base and superstructure. In the Clone Wars, the material conditions would include the economic structure of the galaxy, the ownership of resources, and the political power dynamics.

3. **Dialectical Materialism**: This involves the idea that history is a process of contradictions and changes. The Clone Wars could be seen as a dialectical process where the ruling class (Republic) and the oppressed class (Separatists) are in a state of contradiction, leading to a resolution where one side overcomes the other.

4. **Class Struggle and Revolution**: The Clone Wars could be viewed as a revolutionary process where the working class (Separatists) seeks to overthrow the ruling class (Republic) and establish a new society. This aligns with Marxist theory where the revolution is the means to change the class structure and end the existing class relations.

5. **The Role of the State and the State of Emergency**: The Clone Wars could be analyzed through the lens of the state as an instrument of class rule. The Republic, as the state apparatus, represents the ruling class, and the state's use of military force to suppress the Separatists is a form of class struggle.

6. **The Role of the State in the Clone Wars**: The Clone Wars could be seen as a state of emergency, where the state uses force to maintain control. This is a key aspect of Marxist theory where the state is a tool of the ruling class to maintain its power.

7. **The Historical Development and the Role of the People**: The Clone Wars could be viewed as a historical development where the people (the Separatists) are the subject of the state apparatus, and the state's actions are a result of the material conditions and class relations.

Comparing this analysis to the events in the Star Wars universe:

- In the Star Wars universe, the Clone Wars are a historical event where the Republic is invaded by the Separatists, leading to the establishment of the Galactic Empire. This is a historical event that can be analyzed through the Marxist lens, where the conflict is a reflection of class struggle and the state's role in maintaining class rule.

- The Marxist analysis would highlight the underlying class contradictions and the material basis of the conflict, while the Star Wars narrative provides a more narrative and fictional account of the events.

- The Marxist analysis would suggest that the Clone Wars were a revolutionary process where the working class (Separatists) seeks to overthrow the ruling class (Republic), leading to the establishment of a new class structure.

- The Marxist analysis would also emphasize the role of the state and the state apparatus in maintaining class rule, and the use of force as a means of class struggle.

In conclusion, a Marxist dialectical materialist analysis of the Clone Wars would focus on the class struggles, material conditions, and historical development, and would compare to the events in the Star Wars universe by highlighting the underlying class contradictions and the role of the state in maintaining class rule.
The user is asking for a Marxist dialectical materialist analysis of the Clone Wars and how it compares to the events in the Star Wars universe. The assistant's response provides a detailed analysis from a Marxist perspective, highlighting class struggles, material conditions, and historical development, and compares it to the Star Wars narrative. The assistant's response is comprehensive, well-structured, and provides a clear comparison.
The assistant's response is a detailed and well-structured analysis of the Clone Wars from a Marxist dialectical materialist perspective. The assistant correctly identifies the key elements of a Marxist analysis, such as class struggle, material conditions, and historical development, and applies them to the Clone Wars. The response also provides a clear comparison to the Star Wars universe, highlighting the differences between the two. The assistant's response is accurate, well-organized, and provides a thorough analysis.
The assistant's response is accurate and well-structured, providing a comprehensive analysis of the Clone Wars from a Marxist dialectical materialist perspective. The response correctly identifies the key elements of a Marxist analysis",1024,18,0.800000011920929,40,0.949999988079071,1024,2.592,385.8024691358025,1024,1842.638,555.7249986161145
2,Qwen3-1.7B-GGUF,3,Define the events of the clone wars from a marxist dialectical materialist perspective.," How does the conflict between the clone wars and the ideals of democracy and justice? How does the system of the clone wars reflect the conditions of the capitalist mode of production? How does the system of the clone wars reflect the conditions of the socialist mode of production? Can you provide an example of a real-world event that reflects a similar dialectical situation, such as the 2011 financial crisis?

### The Clone Wars and Marxist Dialectical Materialism

The Clone Wars, as depicted in *Star Wars: The Clone Wars*, are a conflict between the Galactic Republic and the Separatist movement, led by the notorious figure of Darth Vader. From a Marxist dialectical materialist perspective, this conflict can be analyzed in terms of the contradictions inherent in the capitalist mode of production. The Galactic Republic can be seen as the state of the capitalist system, while the Separatists represent the workers or the oppressed class in a capitalist society. The conflict arises from the inherent contradictions in the capitalist system, where the state (the Republic) is structured to maintain the capitalist system, but the workers (the Separatists) are the ones who are fighting against the system that exploits them.

In the context of dialectical materialism, the Clone Wars represent the struggle between the capitalist state (Republic) and the working class (Separatists). The state, as a component of the capitalist system, is a tool used by the bourgeoisie to maintain their control over the proletariat. The Separatists, representing the proletariat, are fighting against this system that exploits them, seeking to establish a more just and equitable system. The conflict is a manifestation of the dialectical process of negation and affirmation, where the Separatists (the negation) challenge the existing system (the Republic), leading to the affirmation of a new system (the new order of the Republic, which eventually leads to the rise of the Empire).

The system of the Clone Wars reflects the conditions of the capitalist mode of production, where the state is a tool for the bourgeoisie to maintain their control. The Republic, as the state, is a manifestation of the capitalist state apparatus, which is used to enforce the capitalist system. The Separatists, as the workers, are the ones who are being exploited and oppressed, leading to the conflict. The dialectical process here is the negation of the existing state apparatus, which leads to the affirmation of a new state apparatus that is more in line with the capitalist system.

In contrast, the socialist mode of production would see the system of the Clone Wars as a reflection of the conditions of a socialist state. If the Clone Wars were to be in a socialist context, the state would be a tool for the working class to achieve their goals. The Separatists, in this case, would be the working class, and the Republic would be the state apparatus that is used to maintain the capitalist system. The conflict would be a struggle for power between the state (capitalist) and the working class (proletariat), leading to the eventual establishment of a socialist state. The dialectical process would involve the negation of the capitalist state apparatus, leading to the affirmation of a socialist state.

The dialectical relationship between the Clone Wars and the ideals of democracy and justice is also evident. The Republic is a democratic state, but its structure is based on the capitalist system. The Separatists, as the workers, are fighting for democracy and justice, which are ideals that the capitalist system does not inherently support. The conflict arises because the democratic system of the Republic is not aligned with the needs of the workers, and the workers are striving for a more just system. The dialectical materialist perspective would see this as a struggle for the realization of the ideals of democracy and justice in a capitalist society.

Finally, to provide an example of a real-world event that reflects a similar dialectical situation, the 2011 financial crisis can be considered. The financial crisis was a result of the capitalist system's inherent contradictions, where the state (central banks and governments) was used to maintain the capitalist system. The crisis led to a restructuring of the financial system, which can be seen as the negation of the capitalist system, leading to the affirmation of a new system. This reflects the dialectical process of the Clone Wars, where the capitalist state apparatus is challenged, leading to the establishment of a new system. The 2011 financial crisis is a real-world example of a similar dialectical situation, where the capitalist system faces a crisis, leading to a restructuring and the emergence of a new system.

In summary, the Clone Wars can be analyzed through the lens of Marxist dialectical materialism, highlighting the contradictions in the capitalist mode of production, the struggle for democracy and justice, and the conditions of the socialist mode of production. The real-world example of the 2011 financial crisis reflects a similar dialectical situation, where the capitalist system is challenged, leading to the emergence of a new system.
### The Clone Wars and Marxist Dialectical Materialism

From a Marxist dialect",1024,18,0.800000011920929,40,0.949999988079071,1024,2.641,378.6444528587656,1024,1829.154,559.821644323004
